"","data_inici","nom_regio","hospitalizaciones","defunciones","Ingresos_UCI"
"1","27/04/2020","BARCELONA",1441,520,430
"2","27/04/2020","CAMP DE TARRAGONA",37,17,27
"3","27/04/2020","CATALUNYA CENTRAL",129,88,43
"4","27/04/2020","GIRONA",181,69,54
"5","27/04/2020","LLEIDA",38,12,19
"6","27/04/2020","TERRES DE L'EBRE",4,3,6
"7","04/05/2020","BARCELONA",899,316,300
"8","04/05/2020","CAMP DE TARRAGONA",22,16,18
"9","04/05/2020","CATALUNYA CENTRAL",67,81,24
"10","04/05/2020","GIRONA",131,57,32
"11","04/05/2020","LLEIDA",10,4,12
"12","11/05/2020","BARCELONA",587,172,221
"13","11/05/2020","CAMP DE TARRAGONA",7,4,14
"14","11/05/2020","CATALUNYA CENTRAL",32,20,20
"15","11/05/2020","GIRONA",96,25,25
"16","11/05/2020","LLEIDA",14,6,12
"17","18/05/2020","ALT PIRINEU I ARAN",1,1,0
"18","18/05/2020","BARCELONA",418,107,157
"19","18/05/2020","CAMP DE TARRAGONA",9,6,9
"20","18/05/2020","CATALUNYA CENTRAL",21,21,14
"21","18/05/2020","GIRONA",68,19,15
"22","18/05/2020","LLEIDA",8,4,8
"23","25/05/2020","BARCELONA",276,73,126
"24","25/05/2020","CAMP DE TARRAGONA",2,2,6
"25","25/05/2020","CATALUNYA CENTRAL",9,11,12
"26","25/05/2020","GIRONA",45,15,9
"27","25/05/2020","LLEIDA",4,1,9
"28","25/05/2020","TERRES DE L'EBRE",1,2,0
"29","01/06/2020","BARCELONA",207,50,96
"30","01/06/2020","CAMP DE TARRAGONA",6,2,2
"31","01/06/2020","CATALUNYA CENTRAL",12,8,11
"32","01/06/2020","GIRONA",12,6,6
"33","01/06/2020","LLEIDA",5,3,5
"34","08/06/2020","BARCELONA",134,30,63
"35","08/06/2020","CAMP DE TARRAGONA",1,1,2
"36","08/06/2020","CATALUNYA CENTRAL",8,8,7
"37","08/06/2020","GIRONA",15,7,6
"38","08/06/2020","TERRES DE L'EBRE",1,1,0
"39","15/06/2020","BARCELONA",114,26,43
"40","15/06/2020","CAMP DE TARRAGONA",1,1,3
"41","15/06/2020","CATALUNYA CENTRAL",3,5,5
"42","15/06/2020","GIRONA",5,4,6
"43","15/06/2020","LLEIDA",1,1,4
"44","22/06/2020","BARCELONA",81,18,36
"45","22/06/2020","GIRONA",6,3,7
"46","29/06/2020","BARCELONA",55,16,30
"47","29/06/2020","CATALUNYA CENTRAL",3,5,5
"48","29/06/2020","GIRONA",8,5,4
"49","29/06/2020","LLEIDA",1,1,6
"50","06/07/2020","BARCELONA",55,16,23
"51","06/07/2020","CATALUNYA CENTRAL",1,2,5
"52","06/07/2020","LLEIDA",13,4,12
"53","13/07/2020","BARCELONA",71,12,29
"54","13/07/2020","CATALUNYA CENTRAL",4,1,4
"55","13/07/2020","LLEIDA",14,7,15
"56","20/07/2020","BARCELONA",166,32,50
"57","20/07/2020","GIRONA",6,4,6
"58","20/07/2020","LLEIDA",26,17,15
"59","27/07/2020","BARCELONA",206,39,65
"60","27/07/2020","GIRONA",14,9,10
"61","27/07/2020","LLEIDA",50,17,19
"62","27/07/2020","TERRES DE L'EBRE",3,3,2
"63","03/08/2020","BARCELONA",141,34,77
"64","03/08/2020","CATALUNYA CENTRAL",4,2,5
"65","03/08/2020","GIRONA",6,4,10
"66","03/08/2020","LLEIDA",22,12,16
"67","10/08/2020","BARCELONA",219,48,86
"68","10/08/2020","CAMP DE TARRAGONA",2,1,7
"69","10/08/2020","CATALUNYA CENTRAL",1,1,4
"70","10/08/2020","GIRONA",11,6,8
"71","10/08/2020","LLEIDA",23,11,19
"72","10/08/2020","TERRES DE L'EBRE",3,2,5
"73","17/08/2020","BARCELONA",226,50,97
"74","17/08/2020","CAMP DE TARRAGONA",7,2,8
"75","17/08/2020","GIRONA",8,5,5
"76","17/08/2020","LLEIDA",15,5,18
"77","24/08/2020","BARCELONA",241,60,105
"78","24/08/2020","CAMP DE TARRAGONA",5,3,10
"79","24/08/2020","CATALUNYA CENTRAL",3,3,7
"80","24/08/2020","GIRONA",2,2,6
"81","24/08/2020","LLEIDA",11,6,17
"82","31/08/2020","BARCELONA",279,63,113
"83","31/08/2020","CAMP DE TARRAGONA",17,4,11
"84","31/08/2020","GIRONA",8,4,5
"85","31/08/2020","LLEIDA",12,5,11
"86","07/09/2020","BARCELONA",328,46,118
"87","07/09/2020","CAMP DE TARRAGONA",28,9,12
"88","07/09/2020","CATALUNYA CENTRAL",2,1,5
"89","07/09/2020","GIRONA",19,9,9
"90","07/09/2020","LLEIDA",3,2,15
"91","14/09/2020","BARCELONA",387,59,118
"92","14/09/2020","CAMP DE TARRAGONA",6,4,12
"93","14/09/2020","CATALUNYA CENTRAL",4,2,4
"94","14/09/2020","GIRONA",21,16,10
"95","14/09/2020","LLEIDA",6,4,5
"96","21/09/2020","ALT PIRINEU I ARAN",3,4,0
"97","21/09/2020","BARCELONA",295,43,115
"98","21/09/2020","CAMP DE TARRAGONA",19,6,16
"99","21/09/2020","CATALUNYA CENTRAL",15,5,7
"100","21/09/2020","GIRONA",41,22,11
"101","21/09/2020","LLEIDA",3,1,6
"102","28/09/2020","ALT PIRINEU I ARAN",7,2,0
"103","28/09/2020","BARCELONA",280,63,119
"104","28/09/2020","CAMP DE TARRAGONA",20,7,16
"105","28/09/2020","CATALUNYA CENTRAL",23,6,10
"106","28/09/2020","GIRONA",21,16,19
"107","28/09/2020","LLEIDA",9,3,7
"108","05/10/2020","BARCELONA",353,74,125
"109","05/10/2020","CAMP DE TARRAGONA",21,19,20
"110","05/10/2020","CATALUNYA CENTRAL",23,6,12
"111","05/10/2020","GIRONA",47,16,20
"112","05/10/2020","LLEIDA",7,7,5
"113","12/10/2020","ALT PIRINEU I ARAN",3,2,0
"114","12/10/2020","BARCELONA",594,107,189
"115","12/10/2020","CAMP DE TARRAGONA",42,21,22
"116","12/10/2020","CATALUNYA CENTRAL",21,4,14
"117","12/10/2020","GIRONA",64,17,23
"118","12/10/2020","LLEIDA",6,4,8
"119","19/10/2020","ALT PIRINEU I ARAN",7,2,0
"120","19/10/2020","BARCELONA",1044,148,260
"121","19/10/2020","CAMP DE TARRAGONA",104,28,34
"122","19/10/2020","CATALUNYA CENTRAL",61,15,19
"123","19/10/2020","GIRONA",125,29,39
"124","19/10/2020","LLEIDA",41,13,14
"125","19/10/2020","TERRES DE L'EBRE",14,3,7
"126","26/10/2020","ALT PIRINEU I ARAN",10,5,0
"127","26/10/2020","BARCELONA",1385,256,348
"128","26/10/2020","CAMP DE TARRAGONA",144,31,51
"129","26/10/2020","CATALUNYA CENTRAL",126,33,29
"130","26/10/2020","GIRONA",206,62,48
"131","26/10/2020","LLEIDA",58,11,19
"132","26/10/2020","TERRES DE L'EBRE",18,6,12
"133","02/11/2020","ALT PIRINEU I ARAN",10,2,0
"134","02/11/2020","BARCELONA",1458,320,393
"135","02/11/2020","CAMP DE TARRAGONA",146,34,51
"136","02/11/2020","CATALUNYA CENTRAL",121,44,36
"137","02/11/2020","GIRONA",242,74,53
"138","02/11/2020","LLEIDA",53,19,24
"139","02/11/2020","TERRES DE L'EBRE",19,11,21
"140","09/11/2020","ALT PIRINEU I ARAN",8,3,0
"141","09/11/2020","BARCELONA",1354,290,397
"142","09/11/2020","CAMP DE TARRAGONA",100,32,48
"143","09/11/2020","CATALUNYA CENTRAL",100,48,43
"144","09/11/2020","GIRONA",200,63,59
"145","09/11/2020","LLEIDA",51,16,19
"146","09/11/2020","TERRES DE L'EBRE",18,11,23
"147","16/11/2020","ALT PIRINEU I ARAN",5,7,0
"148","16/11/2020","BARCELONA",1132,261,359
"149","16/11/2020","CAMP DE TARRAGONA",62,24,43
"150","16/11/2020","CATALUNYA CENTRAL",95,30,27
"151","16/11/2020","GIRONA",161,58,46
"152","16/11/2020","LLEIDA",39,16,19
"153","16/11/2020","TERRES DE L'EBRE",16,11,20
"154","23/11/2020","ALT PIRINEU I ARAN",12,18,0
"155","23/11/2020","BARCELONA",908,202,323
"156","23/11/2020","CAMP DE TARRAGONA",58,23,43
"157","23/11/2020","CATALUNYA CENTRAL",91,29,19
"158","23/11/2020","GIRONA",153,48,44
"159","23/11/2020","LLEIDA",39,12,11
"160","23/11/2020","TERRES DE L'EBRE",6,8,18
"161","30/11/2020","ALT PIRINEU I ARAN",19,30,0
"162","30/11/2020","BARCELONA",770,173,270
"163","30/11/2020","CAMP DE TARRAGONA",45,23,46
"164","30/11/2020","CATALUNYA CENTRAL",68,33,14
"165","30/11/2020","GIRONA",185,57,43
"166","30/11/2020","LLEIDA",25,9,9
"167","30/11/2020","TERRES DE L'EBRE",2,2,12
"168","07/12/2020","ALT PIRINEU I ARAN",15,18,0
"169","07/12/2020","BARCELONA",697,157,231
"170","07/12/2020","CAMP DE TARRAGONA",53,16,35
"171","07/12/2020","CATALUNYA CENTRAL",75,16,18
"172","07/12/2020","GIRONA",170,45,42
"173","07/12/2020","LLEIDA",36,15,10
"174","14/12/2020","ALT PIRINEU I ARAN",10,10,0
"175","14/12/2020","BARCELONA",821,133,222
"176","14/12/2020","CAMP DE TARRAGONA",64,14,33
"177","14/12/2020","CATALUNYA CENTRAL",67,30,17
"178","14/12/2020","GIRONA",135,42,40
"179","14/12/2020","LLEIDA",42,13,9
"180","21/12/2020","ALT PIRINEU I ARAN",3,4,0
"181","21/12/2020","BARCELONA",867,153,227
"182","21/12/2020","CAMP DE TARRAGONA",106,30,32
"183","21/12/2020","CATALUNYA CENTRAL",83,22,23
"184","21/12/2020","GIRONA",143,52,37
"185","21/12/2020","LLEIDA",40,11,11
"186","21/12/2020","TERRES DE L'EBRE",3,2,8
"187","28/12/2020","BARCELONA",1066,229,271
"188","28/12/2020","CAMP DE TARRAGONA",150,35,32
"189","28/12/2020","CATALUNYA CENTRAL",128,28,26
"190","28/12/2020","GIRONA",198,52,36
"191","28/12/2020","LLEIDA",48,8,14
"192","04/01/2021","BARCELONA",1170,234,337
"193","04/01/2021","CAMP DE TARRAGONA",205,47,38
"194","04/01/2021","CATALUNYA CENTRAL",153,34,27
"195","04/01/2021","GIRONA",220,56,43
"196","04/01/2021","LLEIDA",32,9,13
"197","04/01/2021","TERRES DE L'EBRE",23,3,12
"198","11/01/2021","BARCELONA",1429,298,393
"199","11/01/2021","CAMP DE TARRAGONA",208,46,56
"200","11/01/2021","CATALUNYA CENTRAL",158,51,28
"201","11/01/2021","GIRONA",236,72,40
"202","11/01/2021","LLEIDA",67,16,16
"203","11/01/2021","TERRES DE L'EBRE",10,7,17
"204","18/01/2021","BARCELONA",1794,379,490
"205","18/01/2021","CAMP DE TARRAGONA",216,51,66
"206","18/01/2021","CATALUNYA CENTRAL",159,54,31
"207","18/01/2021","GIRONA",135,59,54
"208","18/01/2021","LLEIDA",76,18,26
"209","18/01/2021","TERRES DE L'EBRE",11,4,16
"210","25/01/2021","BARCELONA",1801,392,520
"211","25/01/2021","CAMP DE TARRAGONA",215,68,65
"212","25/01/2021","CATALUNYA CENTRAL",98,40,32
"213","25/01/2021","GIRONA",223,58,52
"214","25/01/2021","LLEIDA",70,22,35
"215","25/01/2021","TERRES DE L'EBRE",31,9,24
"216","01/02/2021","BARCELONA",1584,294,498
"217","01/02/2021","CAMP DE TARRAGONA",131,38,61
"218","01/02/2021","CATALUNYA CENTRAL",112,23,30
"219","01/02/2021","GIRONA",196,57,56
"220","01/02/2021","LLEIDA",62,15,25
"221","01/02/2021","TERRES DE L'EBRE",25,10,24
"222","08/02/2021","BARCELONA",1227,234,454
"223","08/02/2021","CAMP DE TARRAGONA",96,28,50
"224","08/02/2021","CATALUNYA CENTRAL",85,20,32
"225","08/02/2021","GIRONA",157,41,49
"226","08/02/2021","LLEIDA",45,11,25
"227","08/02/2021","TERRES DE L'EBRE",9,3,23
"228","15/02/2021","BARCELONA",1003,188,436
"229","15/02/2021","CAMP DE TARRAGONA",66,17,41
"230","15/02/2021","CATALUNYA CENTRAL",46,15,34
"231","15/02/2021","GIRONA",133,34,49
"232","15/02/2021","LLEIDA",57,11,13
"233","15/02/2021","TERRES DE L'EBRE",5,4,15
"234","22/02/2021","BARCELONA",893,142,385
"235","22/02/2021","CAMP DE TARRAGONA",28,7,38
"236","22/02/2021","CATALUNYA CENTRAL",56,12,31
"237","22/02/2021","GIRONA",114,28,52
"238","22/02/2021","LLEIDA",20,7,17
"239","22/02/2021","TERRES DE L'EBRE",2,1,9
"240","01/03/2021","BARCELONA",762,138,366
"241","01/03/2021","CAMP DE TARRAGONA",17,3,33
"242","01/03/2021","CATALUNYA CENTRAL",52,9,33
"243","01/03/2021","GIRONA",119,25,43
"244","01/03/2021","LLEIDA",18,5,18
"245","01/03/2021","TERRES DE L'EBRE",1,1,7
"246","08/03/2021","BARCELONA",760,107,305
"247","08/03/2021","CAMP DE TARRAGONA",10,3,33
"248","08/03/2021","CATALUNYA CENTRAL",84,17,30
"249","08/03/2021","GIRONA",112,21,36
"250","08/03/2021","LLEIDA",5,2,18
"251","15/03/2021","BARCELONA",589,71,294
"252","15/03/2021","CAMP DE TARRAGONA",14,8,29
"253","15/03/2021","CATALUNYA CENTRAL",46,13,30
"254","15/03/2021","GIRONA",85,18,35
"255","15/03/2021","LLEIDA",30,6,17
"256","22/03/2021","BARCELONA",487,80,281
"257","22/03/2021","CAMP DE TARRAGONA",8,5,23
"258","22/03/2021","CATALUNYA CENTRAL",61,11,30
"259","22/03/2021","GIRONA",56,11,39
"260","22/03/2021","LLEIDA",20,5,24
"261","29/03/2021","BARCELONA",636,94,305
"262","29/03/2021","CAMP DE TARRAGONA",9,2,21
"263","29/03/2021","CATALUNYA CENTRAL",75,17,29
"264","29/03/2021","GIRONA",82,18,47
"265","29/03/2021","LLEIDA",45,11,25
"266","05/04/2021","BARCELONA",804,108,369
"267","05/04/2021","CAMP DE TARRAGONA",9,2,23
"268","05/04/2021","CATALUNYA CENTRAL",74,21,34
"269","05/04/2021","GIRONA",55,14,49
"270","05/04/2021","LLEIDA",49,8,36
"271","05/04/2021","TERRES DE L'EBRE",4,1,5
"272","12/04/2021","BARCELONA",698,104,360
"273","12/04/2021","CAMP DE TARRAGONA",6,3,22
"274","12/04/2021","CATALUNYA CENTRAL",37,9,32
"275","12/04/2021","GIRONA",57,15,47
"276","12/04/2021","LLEIDA",37,7,39
"277","19/04/2021","BARCELONA",564,78,338
"278","19/04/2021","CAMP DE TARRAGONA",10,2,30
"279","19/04/2021","CATALUNYA CENTRAL",45,12,38
"280","19/04/2021","GIRONA",105,20,50
"281","19/04/2021","LLEIDA",5,1,38
"282","26/04/2021","BARCELONA",656,60,311
"283","26/04/2021","CAMP DE TARRAGONA",10,2,39
"284","26/04/2021","CATALUNYA CENTRAL",86,13,36
"285","26/04/2021","GIRONA",88,14,49
"286","26/04/2021","LLEIDA",48,12,30
"287","26/04/2021","TERRES DE L'EBRE",2,1,12
"288","03/05/2021","BARCELONA",571,60,285
"289","03/05/2021","CAMP DE TARRAGONA",26,9,41
"290","03/05/2021","CATALUNYA CENTRAL",59,12,34
"291","03/05/2021","GIRONA",59,20,43
"292","03/05/2021","LLEIDA",38,6,20
"293","03/05/2021","TERRES DE L'EBRE",3,1,16
"294","10/05/2021","BARCELONA",287,44,261
"295","10/05/2021","CAMP DE TARRAGONA",8,2,37
"296","10/05/2021","CATALUNYA CENTRAL",28,5,28
"297","10/05/2021","GIRONA",15,2,37
"298","10/05/2021","LLEIDA",14,3,18
"299","17/05/2021","BARCELONA",209,29,198
"300","17/05/2021","CAMP DE TARRAGONA",15,3,32
"301","17/05/2021","CATALUNYA CENTRAL",7,1,18
"302","17/05/2021","GIRONA",15,3,34
"303","17/05/2021","LLEIDA",2,2,11
"304","24/05/2021","BARCELONA",154,23,174
"305","24/05/2021","CAMP DE TARRAGONA",9,3,29
"306","24/05/2021","CATALUNYA CENTRAL",8,2,12
"307","24/05/2021","GIRONA",13,3,26
"308","24/05/2021","TERRES DE L'EBRE",1,1,8
"309","31/05/2021","BARCELONA",126,15,144
"310","31/05/2021","CATALUNYA CENTRAL",3,1,10
"311","31/05/2021","GIRONA",7,3,16
"312","31/05/2021","TERRES DE L'EBRE",2,1,5
"313","07/06/2021","BARCELONA",88,15,132
"314","07/06/2021","CATALUNYA CENTRAL",4,1,7
"315","07/06/2021","GIRONA",12,2,14
"316","07/06/2021","LLEIDA",3,1,3
"317","14/06/2021","BARCELONA",91,14,102
"318","14/06/2021","CAMP DE TARRAGONA",2,1,16
"319","14/06/2021","CATALUNYA CENTRAL",1,1,8
"320","14/06/2021","GIRONA",5,1,17
"321","21/06/2021","BARCELONA",74,13,96
"322","28/06/2021","BARCELONA",53,10,99
"323","28/06/2021","CATALUNYA CENTRAL",3,1,2
"324","05/07/2021","BARCELONA",154,19,145
"325","05/07/2021","CAMP DE TARRAGONA",1,1,15
"326","05/07/2021","GIRONA",2,1,16
"327","12/07/2021","BARCELONA",508,54,239
"328","12/07/2021","CAMP DE TARRAGONA",1,1,15
"329","12/07/2021","CATALUNYA CENTRAL",23,7,14
"330","12/07/2021","GIRONA",13,3,30
"331","12/07/2021","LLEIDA",3,1,6
"332","19/07/2021","BARCELONA",914,144,383
"333","19/07/2021","CAMP DE TARRAGONA",33,9,33
"334","19/07/2021","CATALUNYA CENTRAL",8,3,19
"335","19/07/2021","GIRONA",69,21,52
"336","19/07/2021","LLEIDA",15,6,18
"337","26/07/2021","BARCELONA",1102,182,422
"338","26/07/2021","CAMP DE TARRAGONA",47,14,37
"339","26/07/2021","CATALUNYA CENTRAL",31,10,20
"340","26/07/2021","GIRONA",94,16,65
"341","26/07/2021","LLEIDA",7,2,21
"342","02/08/2021","BARCELONA",926,159,429
"343","02/08/2021","CAMP DE TARRAGONA",37,16,34
"344","02/08/2021","CATALUNYA CENTRAL",16,10,21
"345","02/08/2021","GIRONA",37,9,62
"346","02/08/2021","LLEIDA",10,6,27
"347","09/08/2021","BARCELONA",801,150,388
"348","09/08/2021","CAMP DE TARRAGONA",38,14,28
"349","09/08/2021","CATALUNYA CENTRAL",24,8,20
"350","09/08/2021","GIRONA",80,24,54
"351","09/08/2021","LLEIDA",15,5,22
"352","09/08/2021","TERRES DE L'EBRE",2,1,5
"353","16/08/2021","ALT PIRINEU I ARAN",1,1,0
"354","16/08/2021","BARCELONA",600,112,343
"355","16/08/2021","CAMP DE TARRAGONA",23,7,35
"356","16/08/2021","CATALUNYA CENTRAL",25,5,16
"357","16/08/2021","GIRONA",82,26,43
"358","16/08/2021","LLEIDA",14,4,18
"359","16/08/2021","TERRES DE L'EBRE",1,1,6
"360","23/08/2021","BARCELONA",427,77,296
"361","23/08/2021","CAMP DE TARRAGONA",14,7,28
"362","23/08/2021","CATALUNYA CENTRAL",14,4,16
"363","23/08/2021","GIRONA",25,7,39
"364","23/08/2021","LLEIDA",15,3,15
"365","30/08/2021","BARCELONA",349,59,240
"366","30/08/2021","CAMP DE TARRAGONA",12,7,22
"367","30/08/2021","CATALUNYA CENTRAL",14,3,18
"368","30/08/2021","GIRONA",35,7,24
"369","30/08/2021","LLEIDA",10,3,11
"370","06/09/2021","BARCELONA",325,60,191
"371","06/09/2021","CAMP DE TARRAGONA",2,1,16
"372","06/09/2021","CATALUNYA CENTRAL",7,2,16
"373","06/09/2021","GIRONA",29,7,25
"374","06/09/2021","LLEIDA",7,2,12
"375","13/09/2021","BARCELONA",157,35,144
"376","13/09/2021","CAMP DE TARRAGONA",4,3,14
"377","13/09/2021","CATALUNYA CENTRAL",9,2,14
"378","13/09/2021","GIRONA",6,6,17
"379","13/09/2021","LLEIDA",1,1,9
"380","20/09/2021","BARCELONA",112,24,118
"381","20/09/2021","CAMP DE TARRAGONA",2,2,10
"382","20/09/2021","CATALUNYA CENTRAL",8,2,12
"383","20/09/2021","GIRONA",13,3,12
"384","27/09/2021","BARCELONA",83,17,87
"385","27/09/2021","CATALUNYA CENTRAL",3,2,13
"386","27/09/2021","GIRONA",5,3,8
"387","27/09/2021","LLEIDA",2,1,5
"388","04/10/2021","BARCELONA",47,7,67
"389","04/10/2021","CAMP DE TARRAGONA",1,1,15
"390","04/10/2021","GIRONA",4,2,7
"391","04/10/2021","LLEIDA",4,6,4
"392","11/10/2021","BARCELONA",60,13,55
"393","11/10/2021","CATALUNYA CENTRAL",5,1,5
"394","11/10/2021","LLEIDA",2,1,5
"395","18/10/2021","BARCELONA",32,8,58
"396","18/10/2021","LLEIDA",4,1,5
"397","25/10/2021","BARCELONA",31,4,56
"398","25/10/2021","CAMP DE TARRAGONA",2,1,10
"399","25/10/2021","CATALUNYA CENTRAL",5,2,5
"400","25/10/2021","GIRONA",3,2,7
"401","01/11/2021","BARCELONA",15,4,47
"402","01/11/2021","CATALUNYA CENTRAL",1,1,5
"403","01/11/2021","GIRONA",1,1,9
"404","08/11/2021","BARCELONA",72,16,49
"405","08/11/2021","CATALUNYA CENTRAL",12,3,8
"406","08/11/2021","GIRONA",8,6,13
"407","08/11/2021","LLEIDA",3,2,6
"408","15/11/2021","BARCELONA",90,16,65
"409","15/11/2021","CAMP DE TARRAGONA",4,2,10
"410","15/11/2021","CATALUNYA CENTRAL",13,2,9
"411","15/11/2021","GIRONA",19,5,13
"412","15/11/2021","LLEIDA",3,1,7
"413","22/11/2021","BARCELONA",111,21,83
"414","22/11/2021","CATALUNYA CENTRAL",25,5,12
"415","22/11/2021","GIRONA",22,4,26
"416","22/11/2021","LLEIDA",3,2,8
"417","29/11/2021","BARCELONA",197,34,101
"418","29/11/2021","CAMP DE TARRAGONA",5,2,16
"419","29/11/2021","CATALUNYA CENTRAL",46,12,26
"420","29/11/2021","GIRONA",30,6,22
"421","29/11/2021","LLEIDA",14,3,12
"422","29/11/2021","TERRES DE L'EBRE",1,1,3
"423","06/12/2021","BARCELONA",344,37,149
"424","06/12/2021","CAMP DE TARRAGONA",6,2,16
"425","06/12/2021","CATALUNYA CENTRAL",57,12,21
"426","06/12/2021","GIRONA",55,10,39
"427","06/12/2021","LLEIDA",12,5,10
"428","06/12/2021","TERRES DE L'EBRE",2,1,7
"429","13/12/2021","BARCELONA",476,76,194
"430","13/12/2021","CAMP DE TARRAGONA",15,5,27
"431","13/12/2021","CATALUNYA CENTRAL",79,13,21
"432","13/12/2021","GIRONA",109,22,47
"433","13/12/2021","LLEIDA",32,14,20
"434","13/12/2021","TERRES DE L'EBRE",3,2,12
"435","20/12/2021","ALT PIRINEU I ARAN",2,3,0
"436","20/12/2021","BARCELONA",573,82,254
"437","20/12/2021","CAMP DE TARRAGONA",21,6,25
"438","20/12/2021","CATALUNYA CENTRAL",58,19,29
"439","20/12/2021","GIRONA",156,30,52
"440","20/12/2021","LLEIDA",38,12,22
"441","27/12/2021","ALT PIRINEU I ARAN",2,1,0
"442","27/12/2021","BARCELONA",695,106,309
"443","27/12/2021","CAMP DE TARRAGONA",36,10,26
"444","27/12/2021","CATALUNYA CENTRAL",64,16,27
"445","27/12/2021","GIRONA",127,22,52
"446","27/12/2021","LLEIDA",43,13,25
"447","27/12/2021","TERRES DE L'EBRE",5,4,13
"448","03/01/2022","ALT PIRINEU I ARAN",1,1,0
"449","03/01/2022","BARCELONA",1171,129,353
"450","03/01/2022","CAMP DE TARRAGONA",29,4,31
"451","03/01/2022","CATALUNYA CENTRAL",125,26,27
"452","03/01/2022","GIRONA",148,22,53
"453","03/01/2022","LLEIDA",29,9,21
"454","03/01/2022","TERRES DE L'EBRE",12,8,13
"455","10/01/2022","ALT PIRINEU I ARAN",1,1,0
"456","10/01/2022","BARCELONA",1412,171,373
"457","10/01/2022","CAMP DE TARRAGONA",67,14,39
"458","10/01/2022","CATALUNYA CENTRAL",83,20,30
"459","10/01/2022","GIRONA",164,35,50
"460","10/01/2022","LLEIDA",48,11,19
"461","10/01/2022","TERRES DE L'EBRE",9,4,11
"462","17/01/2022","ALT PIRINEU I ARAN",5,3,0
"463","17/01/2022","BARCELONA",1576,208,376
"464","17/01/2022","CAMP DE TARRAGONA",94,14,37
"465","17/01/2022","CATALUNYA CENTRAL",155,27,29
"466","17/01/2022","GIRONA",141,26,47
"467","17/01/2022","LLEIDA",45,11,20
"468","17/01/2022","TERRES DE L'EBRE",8,8,13
"469","24/01/2022","ALT PIRINEU I ARAN",11,3,0
"470","24/01/2022","BARCELONA",1645,202,315
"471","24/01/2022","CAMP DE TARRAGONA",113,13,36
"472","24/01/2022","CATALUNYA CENTRAL",151,27,30
"473","24/01/2022","GIRONA",196,47,49
"474","24/01/2022","LLEIDA",96,26,20
"475","24/01/2022","TERRES DE L'EBRE",20,7,14
"476","31/01/2022","ALT PIRINEU I ARAN",8,4,0
"477","31/01/2022","BARCELONA",1445,212,275
"478","31/01/2022","CAMP DE TARRAGONA",98,18,34
"479","31/01/2022","CATALUNYA CENTRAL",130,24,25
"480","31/01/2022","GIRONA",209,31,33
"481","31/01/2022","LLEIDA",58,16,12
"482","31/01/2022","TERRES DE L'EBRE",20,5,12
"483","07/02/2022","ALT PIRINEU I ARAN",8,2,0
"484","07/02/2022","BARCELONA",1075,173,239
"485","07/02/2022","CAMP DE TARRAGONA",68,16,26
"486","07/02/2022","CATALUNYA CENTRAL",95,26,20
"487","07/02/2022","GIRONA",108,18,30
"488","07/02/2022","LLEIDA",62,17,6
"489","07/02/2022","TERRES DE L'EBRE",4,1,13
"490","14/02/2022","ALT PIRINEU I ARAN",3,2,0
"491","14/02/2022","BARCELONA",789,112,189
"492","14/02/2022","CAMP DE TARRAGONA",55,10,20
"493","14/02/2022","CATALUNYA CENTRAL",96,17,14
"494","14/02/2022","GIRONA",117,22,31
"495","14/02/2022","LLEIDA",50,8,6
"496","21/02/2022","BARCELONA",442,63,131
"497","21/02/2022","CAMP DE TARRAGONA",30,6,22
"498","21/02/2022","CATALUNYA CENTRAL",44,11,13
"499","21/02/2022","GIRONA",82,19,21
"500","21/02/2022","LLEIDA",23,8,4
"501","21/02/2022","TERRES DE L'EBRE",3,1,6
"502","28/02/2022","BARCELONA",436,53,111
"503","28/02/2022","CAMP DE TARRAGONA",26,4,17
"504","28/02/2022","CATALUNYA CENTRAL",21,4,10
"505","28/02/2022","GIRONA",28,7,14
"506","28/02/2022","LLEIDA",4,2,4
"507","28/02/2022","TERRES DE L'EBRE",7,3,5
"508","07/03/2022","BARCELONA",358,41,90
"509","07/03/2022","CAMP DE TARRAGONA",19,5,15
"510","07/03/2022","CATALUNYA CENTRAL",44,7,10
"511","07/03/2022","GIRONA",26,9,9
"512","07/03/2022","LLEIDA",7,2,4
"513","07/03/2022","TERRES DE L'EBRE",1,1,2
"514","14/03/2022","BARCELONA",328,32,71
"515","14/03/2022","CAMP DE TARRAGONA",17,3,13
"516","14/03/2022","CATALUNYA CENTRAL",28,5,7
"517","14/03/2022","GIRONA",29,8,9
"518","14/03/2022","LLEIDA",13,4,5
"519","21/03/2022","BARCELONA",246,30,56
"520","21/03/2022","CAMP DE TARRAGONA",22,3,12
"521","21/03/2022","CATALUNYA CENTRAL",23,2,5
"522","21/03/2022","GIRONA",25,7,9
"523","21/03/2022","LLEIDA",8,4,3
"524","28/03/2022","BARCELONA",233,24,40
"525","28/03/2022","CAMP DE TARRAGONA",7,2,8
"526","28/03/2022","CATALUNYA CENTRAL",24,4,4
"527","28/03/2022","GIRONA",11,3,5
"528","28/03/2022","LLEIDA",8,3,2
"529","04/04/2022","BARCELONA",276,32,36
"530","04/04/2022","CAMP DE TARRAGONA",20,4,8
"531","04/04/2022","CATALUNYA CENTRAL",15,4,3
"532","04/04/2022","GIRONA",10,4,6
"533","04/04/2022","LLEIDA",11,2,1
"534","11/04/2022","BARCELONA",325,32,23
"535","11/04/2022","CAMP DE TARRAGONA",5,1,6
"536","11/04/2022","CATALUNYA CENTRAL",22,4,1
"537","11/04/2022","GIRONA",60,13,3
"538","18/04/2022","BARCELONA",349,37,22
"539","18/04/2022","CAMP DE TARRAGONA",6,2,2
"540","18/04/2022","CATALUNYA CENTRAL",9,1,2
"541","18/04/2022","GIRONA",52,12,4
"542","18/04/2022","LLEIDA",2,1,1
"543","25/04/2022","BARCELONA",353,30,20
"544","25/04/2022","CAMP DE TARRAGONA",13,3,2
"545","25/04/2022","CATALUNYA CENTRAL",18,4,2
"546","25/04/2022","GIRONA",47,10,3
"547","25/04/2022","LLEIDA",1,1,1
"548","25/04/2022","TERRES DE L'EBRE",3,1,0
"549","02/05/2022","BARCELONA",285,25,20
"550","02/05/2022","CAMP DE TARRAGONA",16,2,4
"551","02/05/2022","CATALUNYA CENTRAL",19,3,1
"552","02/05/2022","GIRONA",39,12,3
"553","02/05/2022","LLEIDA",13,5,2
"554","09/05/2022","BARCELONA",482,45,17
"555","09/05/2022","CAMP DE TARRAGONA",30,8,4
"556","09/05/2022","CATALUNYA CENTRAL",1,1,1
"557","09/05/2022","GIRONA",67,15,2
"558","09/05/2022","LLEIDA",21,7,3
"559","09/05/2022","TERRES DE L'EBRE",4,4,0
"560","16/05/2022","BARCELONA",433,43,20
"561","16/05/2022","CAMP DE TARRAGONA",10,5,5
"562","16/05/2022","CATALUNYA CENTRAL",44,8,1
"563","16/05/2022","GIRONA",46,12,1
"564","16/05/2022","LLEIDA",18,4,3
"565","23/05/2022","BARCELONA",496,50,28
"566","23/05/2022","CAMP DE TARRAGONA",21,8,5
"567","23/05/2022","CATALUNYA CENTRAL",30,2,0
"568","23/05/2022","GIRONA",19,4,0
"569","23/05/2022","LLEIDA",12,2,2
"570","23/05/2022","TERRES DE L'EBRE",3,3,1
"571","30/05/2022","BARCELONA",471,37,17
"572","30/05/2022","CAMP DE TARRAGONA",9,3,6
"573","30/05/2022","CATALUNYA CENTRAL",45,11,0
"574","30/05/2022","GIRONA",46,12,2
"575","30/05/2022","LLEIDA",21,3,3
"576","30/05/2022","TERRES DE L'EBRE",5,2,1
"577","06/06/2022","BARCELONA",508,45,21
"578","06/06/2022","CAMP DE TARRAGONA",28,5,5
"579","06/06/2022","CATALUNYA CENTRAL",22,2,0
"580","06/06/2022","GIRONA",68,10,2
"581","06/06/2022","LLEIDA",21,3,2
"582","13/06/2022","ALT PIRINEU I ARAN",8,2,0
"583","13/06/2022","BARCELONA",663,55,23
"584","13/06/2022","CAMP DE TARRAGONA",19,4,4
"585","13/06/2022","CATALUNYA CENTRAL",72,8,1
"586","13/06/2022","GIRONA",37,6,4
"587","13/06/2022","LLEIDA",30,8,3
"588","13/06/2022","TERRES DE L'EBRE",3,1,1
"589","20/06/2022","BARCELONA",958,86,29
"590","20/06/2022","CAMP DE TARRAGONA",39,3,6
"591","20/06/2022","CATALUNYA CENTRAL",61,5,0
"592","20/06/2022","GIRONA",116,16,5
"593","20/06/2022","LLEIDA",15,2,4
"594","20/06/2022","TERRES DE L'EBRE",8,2,2
"595","27/06/2022","BARCELONA",1134,100,33
"596","27/06/2022","CAMP DE TARRAGONA",42,8,5
"597","27/06/2022","CATALUNYA CENTRAL",30,4,3
"598","27/06/2022","GIRONA",129,17,4
"599","27/06/2022","LLEIDA",21,3,5
"600","04/07/2022","BARCELONA",1052,151,30
"601","04/07/2022","CAMP DE TARRAGONA",34,11,4
"602","04/07/2022","CATALUNYA CENTRAL",76,15,2
"603","04/07/2022","GIRONA",164,27,5
"604","04/07/2022","LLEIDA",15,4,7
"605","04/07/2022","TERRES DE L'EBRE",7,1,2
"606","11/07/2022","BARCELONA",924,135,27
"607","11/07/2022","CAMP DE TARRAGONA",60,19,4
"608","11/07/2022","CATALUNYA CENTRAL",101,12,4
"609","11/07/2022","GIRONA",130,23,12
"610","11/07/2022","LLEIDA",31,10,2
"611","11/07/2022","TERRES DE L'EBRE",19,3,1
"612","18/07/2022","BARCELONA",682,94,32
"613","18/07/2022","CAMP DE TARRAGONA",63,16,2
"614","18/07/2022","CATALUNYA CENTRAL",87,16,7
"615","18/07/2022","GIRONA",115,18,6
"616","18/07/2022","LLEIDA",49,7,3
"617","18/07/2022","TERRES DE L'EBRE",17,7,1
"618","25/07/2022","ALT PIRINEU I ARAN",1,1,0
"619","25/07/2022","BARCELONA",640,70,30
"620","25/07/2022","CAMP DE TARRAGONA",17,6,3
"621","25/07/2022","CATALUNYA CENTRAL",49,5,5
"622","25/07/2022","GIRONA",80,11,2
"623","25/07/2022","LLEIDA",26,6,2
"624","25/07/2022","TERRES DE L'EBRE",4,3,0
"625","01/08/2022","BARCELONA",376,36,21
"626","01/08/2022","CAMP DE TARRAGONA",19,4,1
"627","01/08/2022","CATALUNYA CENTRAL",24,4,6
"628","01/08/2022","GIRONA",68,19,1
"629","01/08/2022","LLEIDA",16,3,3
"630","01/08/2022","TERRES DE L'EBRE",9,4,1
"631","08/08/2022","ALT PIRINEU I ARAN",1,1,0
"632","08/08/2022","BARCELONA",276,47,16
"633","08/08/2022","CAMP DE TARRAGONA",6,3,1
"634","08/08/2022","CATALUNYA CENTRAL",34,8,4
"635","08/08/2022","GIRONA",19,7,2
"636","08/08/2022","LLEIDA",11,3,2
"637","15/08/2022","BARCELONA",227,22,14
"638","15/08/2022","CATALUNYA CENTRAL",10,1,3
"639","15/08/2022","GIRONA",10,4,1
"640","15/08/2022","LLEIDA",7,2,2
"641","15/08/2022","TERRES DE L'EBRE",4,2,0
"642","22/08/2022","BARCELONA",147,18,13
"643","22/08/2022","CAMP DE TARRAGONA",14,8,1
"644","22/08/2022","CATALUNYA CENTRAL",10,2,1
"645","22/08/2022","GIRONA",8,2,1
"646","22/08/2022","LLEIDA",9,3,0
"647","22/08/2022","TERRES DE L'EBRE",1,1,0
"648","29/08/2022","BARCELONA",170,27,5
"649","29/08/2022","CAMP DE TARRAGONA",4,2,0
"650","29/08/2022","CATALUNYA CENTRAL",2,2,2
"651","29/08/2022","GIRONA",6,2,1
"652","29/08/2022","LLEIDA",7,1,1
"653","05/09/2022","BARCELONA",95,11,6
"654","05/09/2022","CAMP DE TARRAGONA",1,1,0
"655","05/09/2022","CATALUNYA CENTRAL",21,4,2
"656","05/09/2022","GIRONA",5,2,3
"657","05/09/2022","LLEIDA",2,1,0
"658","12/09/2022","BARCELONA",80,11,8
"659","12/09/2022","CAMP DE TARRAGONA",1,1,0
"660","12/09/2022","CATALUNYA CENTRAL",15,2,1
"661","12/09/2022","GIRONA",6,2,4
"662","12/09/2022","LLEIDA",5,2,0
"663","19/09/2022","BARCELONA",25,7,9
"664","19/09/2022","CAMP DE TARRAGONA",2,2,0
"665","19/09/2022","CATALUNYA CENTRAL",16,2,1
"666","26/09/2022","ALT PIRINEU I ARAN",1,1,0
"667","26/09/2022","BARCELONA",96,11,14
"668","26/09/2022","CATALUNYA CENTRAL",3,1,1
"669","26/09/2022","GIRONA",10,4,1
"670","03/10/2022","ALT PIRINEU I ARAN",1,1,0
"671","03/10/2022","BARCELONA",127,12,5
"672","03/10/2022","CAMP DE TARRAGONA",5,2,0
"673","03/10/2022","CATALUNYA CENTRAL",15,2,2
"674","03/10/2022","GIRONA",9,4,3
"675","10/10/2022","BARCELONA",137,16,8
"676","10/10/2022","CAMP DE TARRAGONA",2,1,0
"677","10/10/2022","CATALUNYA CENTRAL",17,3,2
"678","10/10/2022","GIRONA",1,1,3
"679","10/10/2022","LLEIDA",12,4,2
"680","17/10/2022","BARCELONA",131,15,14
"681","17/10/2022","CATALUNYA CENTRAL",11,2,0
"682","17/10/2022","GIRONA",19,4,2
"683","17/10/2022","LLEIDA",9,4,1
"684","24/10/2022","BARCELONA",161,22,10
"685","24/10/2022","CAMP DE TARRAGONA",5,2,0
"686","24/10/2022","CATALUNYA CENTRAL",10,1,1
"687","24/10/2022","GIRONA",7,4,2
"688","24/10/2022","LLEIDA",15,3,1
"689","31/10/2022","BARCELONA",186,15,18
"690","31/10/2022","CATALUNYA CENTRAL",13,3,0
"691","31/10/2022","GIRONA",3,1,3
"692","31/10/2022","LLEIDA",2,2,2
"693","07/11/2022","BARCELONA",309,28,14
"694","07/11/2022","CATALUNYA CENTRAL",8,2,0
"695","07/11/2022","GIRONA",6,2,3
"696","14/11/2022","BARCELONA",213,25,19
"697","14/11/2022","CAMP DE TARRAGONA",3,1,0
"698","14/11/2022","CATALUNYA CENTRAL",22,4,1
"699","14/11/2022","GIRONA",11,4,4
"700","14/11/2022","LLEIDA",11,3,0
"701","21/11/2022","BARCELONA",202,20,16
"702","21/11/2022","GIRONA",11,5,3
"703","28/11/2022","BARCELONA",136,13,18
"704","28/11/2022","CAMP DE TARRAGONA",1,1,2
"705","28/11/2022","CATALUNYA CENTRAL",24,5,2
"706","05/12/2022","BARCELONA",56,1,21
"707","05/12/2022","CATALUNYA CENTRAL",9,1,3
